X,Y,Id,
-83.942167036498418,34.531978207095356,0
